11.525, 730.217, 289.98, 0
11.5623, 730.187, 288.882, -0.000199997
11.5904, 730.139, 287.846, -0.000399995
11.6267, 730.133, 286.821, -0.000399995
11.6592, 730.153, 285.764, -0.000399995
11.6919, 730.179, 284.745, -0.000599992
11.7253, 730.149, 283.622, -0.000999999
11.7593, 730.27, 282.548, -0.000600004
11.7922, 730.199, 281.542, -0.000800002
11.8272, 730.147, 280.613, -0.0012
11.8621, 730.166, 279.652, -0.0016
11.8978, 730.152, 278.731, -0.0012
11.932, 730.115, 277.818, -0.002
11.9615, 730.135, 276.898, -0.0022
11.9955, 730.135, 275.907, -0.0026
12.0295, 730.112, 274.911, -0.003
12.0639, 730.152, 273.863, -0.00420001
12.0954, 730.045, 272.963, -0.0044
12.129, 730.052, 271.928, -0.00540001
12.1637, 730.086, 270.907, -0.00580001
12.1974, 730.045, 269.95, -0.00560001
12.2314, 730.026, 268.966, -0.00560001
12.2652, 730.046, 267.93, -0.00560001
12.2863, 730.004, 267.482, -0.00480001
12.3126, 730, 267, -0.00480001
12.3456, 730, 267, -0.00500001
12.3795, 730, 267, -0.0044
12.4136, 730.054, 266.892, -0.00500001
12.4507, 730, 266, -0.00580001
12.482, 730, 266, -0.00560001
12.5125, 730, 266, -0.00640001
12.5463, 730.005, 265.984, -0.00660001
12.5804, 730, 265, -0.0062
12.6128, 730, 265, -0.0058
12.6486, 730, 265, -0.0058
12.6834, 730, 265, -0.0054
12.7121, 730, 265, -0.0056
12.7469, 730, 265, -0.0056
12.7787, 730, 265, -0.0062
12.8124, 730, 265, -0.00700001
12.8444, 730, 265, -0.0072
12.8797, 730, 265, -0.0072
12.9118, 730, 265, -0.0074
12.9463, 730, 265, -0.00699999
12.986, 730, 265, -0.0066
13.0113, 730, 265, -0.00599999
13.045, 730, 265, -0.0058
13.0795, 730, 265, -0.0054
13.1109, 730, 265, -0.00560001
13.1444, 730, 265, -0.0052
13.1787, 730, 265, -0.00560001
13.2115, 730, 265, -0.00580001
13.2453, 730, 265, -0.00600001
13.282, 730, 265, -0.0058
13.3167, 730, 265, -0.0062
13.3472, 730, 265, -0.0062
13.3788, 730, 265, -0.00640001
13.416, 730, 265, -0.00720001
13.4452, 730, 265, -0.00740002
13.4837, 730, 265, -0.00740002
13.5136, 730, 265, -0.00740002
13.5514, 730, 265, -0.00740002
13.578, 730, 265, -0.00700003
13.6124, 730, 265, -0.00720003
13.6448, 730, 265, -0.00720003
13.6808, 730, 265, -0.00680002
13.7116, 730, 265, -0.00720001
13.7466, 730, 265, -0.00780001
13.7783, 730, 265, -0.00780001
13.8118, 730, 265, -0.00780001
13.8458, 730, 265, -0.00780001
13.8794, 730, 265, -0.00700001
13.9118, 730, 265, -0.00660001
13.9448, 730, 265, -0.00640001
13.9808, 730, 265, -0.0062
14.0136, 730, 265, -0.0062
14.0502, 730, 265, -0.00700001
14.0853, 730, 265, -0.00700001
14.1133, 730, 265, -0.00700001
14.1448, 730, 265, -0.00700001
14.1785, 730, 265, -0.0072
14.2122, 730, 265, -0.00680001
14.2456, 730, 265, -0.00600001
14.2789, 730, 265, -0.00600001
14.3138, 730, 265, -0.00600001
14.3459, 730, 265, -0.00580001
14.3797, 730, 265, -0.0062
14.4134, 730, 265, -0.00680001
14.4479, 730, 265, -0.00680001
14.4815, 730, 265, -0.00760001
14.5143, 730, 265, -0.00840001
14.5497, 730, 265, -0.00800002
14.5821, 730, 265, -0.00780001
14.6143, 730, 265, -0.0082
14.6486, 730, 265, -0.00780001
14.6822, 730, 265, -0.00780001
14.7194, 730, 265, -0.008
14.755, 730, 265, -0.00820001
14.7833, 730, 265, -0.00780002
14.8155, 730, 265, -0.00760002
14.8519, 730, 265, -0.00700002
14.8827, 730, 265, -0.00660001
14.9228, 730, 265, -0.0064
14.9532, 730, 265, -0.00699999
14.9851, 730, 265, -0.00759999
15.0169, 730, 265, -0.00739999
15.051, 730, 265, -0.00739999
15.0842, 730, 265, -0.00779999
15.1231, 730, 265, -0.0076
15.1533, 730, 265, -0.00700001
15.1866, 730, 265, -0.00760001
15.2189, 730, 265, -0.00760001
15.2556, 730, 265, -0.00740001
15.2866, 730, 265, -0.00720001
15.3223, 730, 265, -0.00680001
15.355, 724.4, 293.15, -0.0052
15.3866, 724.5, 293, -0.00400001
15.4213, 724.5, 293, -0.0026
15.4575, 724.4, 293.15, -0.00079999
15.4895, 724.4, 293.15, 0.000200009
15.5232, 724.5, 293, 0.000400019
15.5569, 724.4, 293.15, 0.000600028
15.5883, 724.389, 292.833, 0.000800037
15.6222, 724.5, 292.684, 0.000600028
15.6587, 724.389, 292.833, 0.000600028
15.6887, 724.389, 292.833, 0.000600028
15.7258, 724.6, 292.85, 0.000400019
15.7574, 724.5, 292.684, 0.000200009
15.7891, 724.6, 292.85, 0.000200009
15.8231, 724.5, 292.684, 0.000400019
15.8571, 724.5, 292.684, 0.000200009
15.8911, 724.5, 292.684, 0.000200009
15.9257, 724.5, 292.5, 0.000200009
15.9592, 724.5, 292.684, 0.000600016
15.9938, 724.6, 292.85, 0.000400007
16.0266, 724.5, 292.684, 0.000800014
16.0586, 724.5, 292.684, 0.00100002
16.0921, 724.5, 292.684, 0.00100002
16.1281, 724.5, 292.684, 0.000600016
16.1632, 724.5, 292.684, 0.000600016
16.2006, 724.6, 292.85, 0.000200009
16.2272, 724.5, 293, 0.000400007
16.2604, 724.5, 292.684, 0.000400007
16.2833, 724.5, 292.684, 0.000600016
16.312, 724.6, 292.85, 0.000800025
16.3364, 724.5, 292.684, 0.000600028
16.363, 724.5, 292.684, 0.000200021
16.3867, 724.6, 292.85, 0.000400031
16.4081, 724.6, 292.85, 0.000400031
16.4309, 724.5, 293, 0.000400031
16.4517, 724.5, 293, 0.000800037
16.477, 724.6, 292.85, 0.00120004
16.5106, 724.5, 293, 0.00140004
16.5492, 724.611, 293.167, 0.00120003
16.5774, 724.611, 293.167, 0.000800025
16.6109, 724.711, 293, 0.00100002
16.6431, 724.9, 293.05, 0.000800025
16.6778, 725.071, 293.048, 0.000600028
16.7116, 725.071, 293.048, 0.000800037
16.7465, 724.816, 293.211, 0.00120004
16.7781, 725.071, 293.048, 0.000800037
16.8097, 725.071, 293.048, 0.000800037
16.8435, 725.071, 293.048, 0.000800037
16.8774, 724.9, 293.05, 0.00100003
16.9104, 724.9, 293.05, 0.000800025
16.9452, 724.611, 293.167, 0.00100003
16.9781, 724.5, 293.5, 0.00100003
17.0099, 724.5, 293.5, 0.00100003
17.044, 724.5, 293.5, 0.00100003
17.6994, 723.643, 293.095, 0.00120004
17.7162, 723.773, 293, 0.00100003
17.7413, 723.7, 292.25, 0.00120003
17.7793, 723.773, 292, 0.00120003
17.8134, 723.891, 291.13, 0.00100003
17.8415, 724.5, 290.5, 0.000800025
17.8748, 724.5, 289.316, 0.00100003
17.9079, 725.071, 288.048, 0.000800037
17.9414, 725, 286.2, 0.000800037
17.9774, 724.5, 285, 0.000600028
18.0108, 724.382, 283.647, 0.000400031
18.0415, 723.278, 282.222, 2.38419e-08
18.0751, 723, 281.2, -0.00059998
18.1084, 723.167, 280.611, -0.000999987
18.1409, 722.611, 280.167, -0.00139998
18.1764, 722.735, 279.529, -0.00139998
18.209, 722.5, 279, -0.00159998
18.2423, 722.971, 278.529, -0.00179998
18.276, 723.167, 278.5, -0.00199997
18.3091, 723.5, 278.5, -0.00219997
18.3442, 724.029, 278.471, -0.00239997
18.3786, 724.618, 278.353, -0.00239997
18.4146, 724.5, 278, -0.00219997
18.4436, 724.971, 277.529, -0.00219997
18.478, 725.658, 277.421, -0.00219997
18.5113, 725.658, 277.421, -0.00239997
18.5459, 725.658, 277.421, -0.00279998
18.5805, 726.5, 277.188, -0.00279998
18.6132, 727.868, 275.895, -0.00319998
18.6458, 729.342, 274.579, -0.00359999
18.6792, 732.5, 272.684, -0.00419999
18.7121, 735.5, 271.5, -0.00419999
18.7458, 735.643, 271.095, -0.0046
18.7804, 735.071, 271.048, -0.0046
18.8142, 733.773, 271, -0.0046
18.8471, 732.786, 270.905, -0.0044
18.8807, 732.056, 270.944, -0.0048
18.914, 732.4, 271.15, -0.00519999
18.9483, 732.5, 271, -0.00539999
18.9817, 732.5, 271.316, -0.00519999
19.0185, 732.184, 271.842, -0.00459999
19.0528, 732.167, 272.611, -0.00379999
19.082, 732.389, 272.833, -0.00319998
19.116, 732.5, 273.316, -0.00259998
19.1493, 732.6, 273.85, -0.00219997
19.1834, 733.071, 274.048, -0.00199997
19.2212, 733.071, 274.048, -0.00179998
19.251, 732.611, 274.167, -0.000999975
19.2836, 732.611, 274.167, -0.00059998
19.3181, 732.389, 273.833, 2.38419e-08
19.3522, 732.5, 274, 0.000400031
19.386, 731.868, 273.895, 0.000600028
19.4193, 731.389, 273.889, 0.00100002
19.4525, 730.833, 274.389, 0.00160003
19.4851, 730.633, 274.667, 0.00140002
19.5207, 730.5, 275, 0.00120001
19.5553, 730.25, 275.75, 0.00200001
19.5865, 729.441, 276.294, 0.00200001
19.6222, 729.375, 276.25, 0.00180001
19.6537, 729.324, 276.412, 0.00200002
19.6871, 729.125, 276.438, 0.00220003
19.7207, 728.75, 276.5, 0.00180004
19.7557, 728.75, 276.5, 0.00160004
19.788, 728.633, 276.667, 0.00160004
19.8257, 728.633, 276.667, 0.00180004
19.8567, 728.633, 276.667, 0.00220003
19.8895, 728.5, 276.5, 0.00220003
19.9247, 728.5, 276.5, 0.00240003
19.956, 728.5, 276.5, 0.00280002
19.9892, 728.367, 276.333, 0.00300002
20.0273, 728.346, 276.615, 0.00320002
20.0566, 728.192, 276, 0.00340002
20.0896, 728.192, 276, 0.00380001
20.1234, 728.333, 275.833, 0.00380001
20.1568, 728.333, 275.833, 0.00380001
20.1907, 728.333, 275.833, 0.00400001
20.2257, 728.333, 275.833, 0.0044
20.2591, 728.136, 275.727, 0.00420001
20.2967, 728.333, 275.833, 0.00400001
20.3207, 728.333, 275.833, 0.00420001
20.3456, 728.318, 275.636, 0.00400001
20.3707, 728.1, 275.5, 0.00380001
20.394, 728.1, 275.5, 0.00420002
20.416, 728.5, 275.5, 0.00480002
20.438, 728.333, 275.833, 0.00520003
20.4672, 728.333, 275.833, 0.00560004
20.4942, 728.136, 275.727, 0.00580003
20.5198, 728.1, 275.5, 0.00520003
20.5475, 728.136, 275.273, 0.00460002
20.5756, 727.5, 275, 0.00380002
20.6095, 727, 274.917, 0.00300002
20.6453, 726.382, 274.647, 0.00220003
20.6836, 726.147, 274.118, 0.00100003
20.7097, 725.676, 273.588, 3.57628e-08
20.7453, 725.974, 272.632, -0.000799966
20.7763, 726.833, 271.389, -0.00199997
20.8093, 727.4, 270.75, -0.00299999
20.8425, 727.132, 270.105, -0.00319999
20.876, 727.4, 269.75, -0.0038
20.9081, 727.4, 269.75, -0.0044
20.942, 727.132, 270.105, -0.00419999
20.977, 726.833, 270.389, -0.00439999
21.0088, 726.5, 270.5, -0.00419998
21.0415, 726.382, 270.647, -0.00379997
21.0766, 727, 271.2, -0.00339997
21.1136, 727.167, 271.5, -0.00339997
21.1441, 727.625, 271.75, -0.00239997
21.1746, 728.382, 272.647, -0.00179998
21.2099, 728.382, 272.647, -0.000999975
21.2411, 728.944, 273.111, -0.000199974
21.2785, 729.167, 273.267, 0.000800025
21.3089, 729.167, 273.267, 0.00120003
21.3425, 728.786, 273.571, 0.00180004
21.3762, 728.5, 273.692, 0.00220003
21.409, 728.333, 273.833, 0.00220003
21.4422, 728.333, 273.833, 0.00260003
21.4771, 728, 274.083, 0.00280002
21.5098, 727.5, 274.5, 0.00300002
21.548, 727, 273.917, 0.00320002
21.5799, 726.667, 274.167, 0.00340002
21.6131, 726.5, 274.5, 0.00340002
21.6494, 726.333, 274.833, 0.00400002
21.6811, 726.1, 275.1, 0.00400002
21.7089, 725.9, 274.8, 0.00420002
21.7424, 725.1, 275.2, 0.00480001
21.7753, 724.682, 275.364, 0.00460001
21.8092, 724.682, 275.364, 0.00380001
21.8436, 724.167, 274.833, 0.00360001
21.8821, 724, 274.375, 0.00360001
21.9121, 724.1, 274.5, 0.00280002
21.9461, 724.136, 273.909, 0.00300002
21.9754, 723.167, 273.444, 0.00280002
22.0088, 722.786, 273.571, 0.00260003
22.0456, 722.667, 273.167, 0.00160003
22.0771, 722.5, 273, 0.00100002
22.1113, 722.367, 272.333, -0.000399971
22.1423, 720.643, 270.857, -0.00139998
22.1762, 716.5, 267.5, -0.00279999
22.21, 712.5, 264.188, -0.00419998
22.2441, 712.971, 260.529, -0.00499998
22.2767, 714.375, 256.875, -0.00599998
22.3127, 714.618, 253.647, -0.00719998
22.3425, 715.026, 250.632, -0.00799998
22.3766, 716.5, 248.5, -0.00839999
22.4101, 718.611, 247.833, -0.00919999
22.4437, 719.63, 248.087, -0.0096
22.477, 721.227, 249, -0.0094
22.5141, 723.543, 250.348, -0.00919999
22.548, 726.935, 252.348, -0.00899998
22.5791, 729.804, 254.174, -0.00859997
22.6114, 732.02, 256.16, -0.00799997
22.644, 733.667, 257.75, -0.00739996
22.678, 734.595, 259.667, -0.00719997
22.7133, 735.5, 261.5, -0.00719997
22.7465, 735.978, 263.174, -0.00679997
22.7789, 737.227, 264.455, -0.00659997
22.8119, 737.929, 265.857, -0.00619998
22.8459, 740.031, 266.781, -0.00559999
22.8792, 740.64, 268.28, -0.00439999
22.9147, 740.941, 270.235, -0.00359999
22.9478, 741.925, 271.75, -0.00279999
22.9806, 742.2, 272.7, -0.00259998
23.0147, 741.773, 273, -0.00219997
23.0483, 741.38, 272.4, -0.00259998
23.0815, 741.083, 271.708, -0.00279998
23.1218, 740.5, 271, -0.00319998
23.1504, 740.136, 270.5, -0.00339999
23.1817, 739.5, 269.5, -0.0038
23.2148, 739.196, 268.826, -0.0038
23.2502, 739.083, 267.708, -0.0044
23.2824, 738.786, 266.905, -0.0044
23.3198, 738.595, 266.667, -0.0044
23.3514, 738.136, 266.5, -0.0046
23.386, 737.891, 266.13, -0.0048
23.4168, 737.78, 266.36, -0.0044
23.4542, 737.62, 266.6, -0.0046
23.4845, 737.63, 266.913, -0.0046
23.5224, 738.595, 266.667, -0.0046
23.5595, 738.674, 266.217, -0.0048
23.589, 739.196, 265.826, -0.00539999
23.6192, 739.417, 265.25, -0.00579998
23.6548, 739.5, 265, -0.00639998
23.686, 739.62, 264.6, -0.00659997
23.7231, 740.065, 264.348, -0.00659997
23.754, 739.786, 265, -0.00639998
23.7888, 739.14, 265.56, -0.00639998
23.821, 739.14, 266.56, -0.00619998
23.855, 737.38, 267.4, -0.00659997
23.8873, 736.5, 267.5, -0.00679997
23.9252, 735.611, 267.407, -0.00719997
23.9544, 735.667, 266.75, -0.00719997
23.9883, 735.773, 266, -0.00759996
24.0224, 735.417, 266.25, -0.00759996
24.0569, 735.14, 266.56, -0.00759996
24.0882, 735.25, 266.958, -0.00739996
24.1254, 735.37, 267.087, -0.00739996
24.1563, 735.269, 267.5, -0.00699997
24.1918, 735.25, 267.458, -0.00699997
24.2247, 735.417, 267.25, -0.00699997
24.2567, 735.38, 267.4, -0.00699997
24.2906, 735.543, 267.348, -0.00659997
24.3276, 735.891, 267.13, -0.00639998
24.3593, 735.917, 267.292, -0.00599998
24.3791, 735.917, 267.292, -0.00459999
24.4013, 736, 267, -0.00319999
24.4207, 736, 267, -0.002
24.4412, 736.136, 266.5, -0.000800002
24.4644, 736.5, 266.5, 0.000399995
24.4842, 736.5, 266.5, 0.000399995
24.5068, 736.5, 266.5, 0.000199997
24.5465, 736.5, 266.5, -0.000199997
24.574, 736.065, 266.348, -0.000599992
24.6066, 735.917, 266.708, -0.00079999
24.6393, 735.955, 266.773, -0.00079999
24.6752, 735.63, 266.913, -0.000999987
24.7076, 735.5, 267, -0.000999987
24.7481, 735.37, 267.087, -0.000999987
24.7749, 735.37, 267.087, -0.000999987
24.8091, 735.227, 267.136, -0.00139998
24.84, 735.196, 267.609, -0.00119998
24.8729, 735.25, 267.458, -0.00139998
24.9085, 735.417, 267.25, -0.00139998
24.9429, 735.417, 267.25, -0.00119998
24.9754, 735.5, 267, -0.000999987
25.0072, 735.891, 267.13, -0.000599992
25.0414, 735.891, 267.13, -0.000199997
25.0734, 735.917, 267.292, 0
25.1066, 735.773, 267, -0.000199997
25.1454, 735.891, 267.13, -0.000399995
25.1733, 735.891, 267.13, -0.000199986
25.2062, 735.891, 267.13, -0.000199986
25.2397, 735.891, 267.13, 0.000200021
25.2761, 735.773, 267, 0.000600016
25.3076, 735.5, 267, 0.00100001
25.3409, 735.5, 267, 0.000600004
25.3741, 735.37, 267.087, 0.000400007
25.4068, 735.37, 267.087, -0.000199997
25.4402, 735.071, 267.048, -0.000199997
25.4734, 735.227, 267.136, -0.000399995
25.5081, 735.196, 267.609, -0.000399995
25.546, 734.864, 267.5, -0.000199997
25.5777, 734.773, 267.682, 0
25.6117, 734.935, 267.652, 0.000400007
25.641, 735.196, 267.304, 0.000800002
25.6751, 735.417, 267.25, 0.00120001
25.7066, 735.37, 267.087, 0.00140001
25.7422, 735.227, 267.136, 0.0016
25.7774, 735.071, 267.048, 0.000999999
25.8088, 735.071, 267.048, 0.000999999
25.8394, 735.071, 267.048, 0.000399995
25.8734, 735.071, 267.048, 0.000600004
25.906, 735.071, 267.048, 0.000800014
25.9401, 735.167, 267.286, 0.00100001
25.9744, 734.935, 267.348, 0.00120002
26.007, 734.611, 267.167, 0.00220002
26.0399, 734.611, 267.167, 0.00240002
26.0775, 734.389, 266.833, 0.00280001
26.11, 734.382, 266.647, 0.00320002
26.1404, 734, 266.8, 0.00360001
26.1731, 733.833, 266.5, 0.00360001
26.2092, 733.342, 266.579, 0.00400001
26.2426, 732.971, 266.529, 0.00420001
26.2745, 732.5, 266.5, 0.00480001
26.3082, 731.676, 266.588, 0.00500001
26.3423, 731.125, 266.438, 0.00560001
26.3748, 730.633, 266.667, 0.00560001
26.4127, 730.5, 266.5, 0.00600002
26.4447, 730.367, 266.667, 0.00620002
26.4743, 730.192, 267, 0.00640002
26.5088, 730.192, 267, 0.00580002
26.5447, 729.929, 267, 0.00580002
26.5754, 729.5, 266.5, 0.00580002
26.6103, 729.5, 266.813, 0.00560002
26.6431, 729.5, 266.5, 0.00580002
26.6764, 729.269, 266.923, 0.00620003
26.709, 729.5, 266.5, 0.00620003
26.745, 729.875, 266.625, 0.00600003
26.7764, 729.7, 266.933, 0.00600003
26.8119, 730.192, 267, 0.00600003
26.845, 730.071, 266.786, 0.00600003
26.8809, 729.929, 267, 0.00640004
26.9107, 729.967, 266.4, 0.00660003
26.9453, 729.731, 266.077, 0.00680003
26.9788, 729.929, 266, 0.00680003
27.0129, 730.367, 265.667, 0.00680003
27.0469, 730.382, 265.647, 0.00640002
27.0807, 730.5, 266, 0.00580002
27.1125, 730.5, 266, 0.00520002
27.1457, 730.382, 265.647, 0.00380001
27.1799, 730.382, 264.647, 0.00300001
27.2122, 730.618, 263.353, 0.00200001
27.2489, 730.5, 262.188, 0.00140001
27.2809, 730.625, 260.875, 0.00100001
27.313, 731.167, 260.611, 0.00160002
27.3472, 730.618, 260.353, 0.00200001
27.3815, 730.5, 261.188, 0.00280001
27.4161, 730.5, 261.813, 0.00340002
27.4516, 730.167, 262.667, 0.00400001
27.4823, 730.367, 263.333, 0.00420001
27.5154, 730.633, 263.667, 0.00420001
27.5501, 730.5, 263.813, 0.0044
27.5838, 730.367, 264.333, 0.0046
27.6177, 730.367, 264.333, 0.00480001
27.6531, 730.367, 264.333, 0.00500001
27.688, 730.192, 265, 0.00540001
27.7213, 730.192, 265, 0.00560002
27.7509, 729.214, 264.714, 0.00560002
27.7854, 729.3, 265.067, 0.00580002
27.8196, 728.808, 265, 0.00580002
27.8588, 729.269, 264.923, 0.00620002
27.888, 729.625, 264.75, 0.00620002
27.9191, 730.192, 265, 0.00640002
27.9539, 730.5, 264.308, 0.00620003
27.9863, 730.357, 264.143, 0.00620003
28.0197, 730.5, 263.813, 0.00540003
28.0567, 730.633, 263.667, 0.00520002
28.09, 730.786, 263.214, 0.00480001
28.1213, 731.375, 263.25, 0.0044
28.1538, 732.192, 263, 0.00400001
28.1882, 732.5, 263, 0.00400001
28.2207, 732.5, 263, 0.00400001
28.2569, 733.3, 263.067, 0.00400001
28.288, 733.125, 263.438, 0.00420001
28.3217, 733.214, 263.714, 0.00420001
28.3415, 733.214, 263.714, 0.0044
28.3719, 733.625, 263.75, 0.00500001
28.4056, 734, 263.917, 0.00560001
28.4393, 733.5, 263.857, 0.00580002
28.4787, 733.269, 263.923, 0.00640002
28.503, 732.667, 264.167, 0.00660003
28.5302, 732.667, 264.167, 0.00640004
28.5543, 732.667, 264.167, 0.00640004
28.5765, 732.5, 264.692, 0.00700003
28.6059, 732.643, 264.857, 0.00760002
28.6375, 732.643, 264.857, 0.00800002
28.6729, 732.5, 265, 0.00820001
28.7053, 732.643, 264.857, 0.00820001
28.7382, 732.333, 264.833, 0.00780002
28.7709, 732.333, 264.833, 0.00740002
28.8047, 732.5, 264.692, 0.00720003
28.8384, 732.5, 264.308, 0.00700003
28.8751, 732.333, 264.833, 0.00680003
28.9051, 732.333, 264.833, 0.00740002
28.9408, 732.136, 264.727, 0.00740002
28.9713, 732.333, 264.833, 0.00760002
29.0069, 731.833, 264.556, 0.00760002
29.0377, 731.5, 264.5, 0.00800002
29.0748, 731.833, 264.556, 0.00760002
29.1109, 731.5, 264.5, 0.00800002
29.146, 731.5, 264.5, 0.00800002
29.1785, 731.833, 264.556, 0.00840001
29.2058, 731.5, 265, 0.00820001
29.2387, 731.9, 264.8, 0.00840001
29.2764, 732.333, 264.833, 0.00840001
29.3092, 732.333, 264.833, 0.00900002
29.3384, 732.5, 264.5, 0.00900002
29.3722, 732.682, 264.364, 0.00940001
29.4056, 732.682, 264.364, 0.00960001
29.4383, 732.667, 264.167, 0.00960001
29.4763, 732.864, 263.727, 0.009
29.5059, 732.9, 263.5, 0.00940001
29.5453, 733.167, 263.444, 0.00900002
29.5741, 732.667, 263.167, 0.00900002
29.6059, 733.167, 263.444, 0.00860002
29.6384, 732.682, 263.364, 0.00880002
29.6763, 732.808, 263, 0.00800002
29.706, 732.667, 263.167, 0.00800002
29.739, 733.071, 263, 0.00700002
29.7712, 732.808, 263, 0.00680002
29.8042, 732.808, 263, 0.00620003
29.8377, 732.643, 262.857, 0.00620003
29.8739, 732.633, 262.667, 0.00620003
29.9068, 732.633, 262.067, 0.00620003
29.9394, 732.633, 261.667, 0.00600002
29.9711, 732.367, 261.333, 0.00540001
30.0041, 732.643, 260.857, 0.00520002
30.038, 732.75, 260.25, 0.00480001
30.0749, 733.125, 259.438, 0.00460001
30.1066, 734.214, 258.786, 0.00420002
30.138, 734.633, 257.667, 0.00440001
30.1717, 734.643, 256.857, 0.00360001
30.2045, 735.088, 255.765, 0.00280001
30.2378, 735.125, 254.625, 0.00220001
30.2712, 735.833, 253.5, 0.00140001
30.3071, 736.971, 252.529, 1.19209e-08
30.3396, 738.5, 250.188, -0.0012
30.3711, 740.5, 247.5, -0.00199999
30.4062, 740.5, 246.5, -0.00239998
30.4383, 740.389, 245.833, -0.00279998
30.4726, 739.658, 245.421, -0.00259998
30.5108, 739.3, 245.2, -0.00259998
30.5456, 738.5, 244.5, -0.00259998
30.5781, 737.643, 244.095, -0.00339998
30.6104, 736.618, 243.353, -0.00339998
30.6398, 735.37, 243.087, -0.00399998
30.6742, 733.37, 242.087, -0.00419998
30.712, 732.955, 241.909, -0.00459999
30.7414, 732.7, 241.35, -0.00479999
30.7745, 732.833, 241.389, -0.00539999
30.8084, 732.5, 241.316, -0.00559999
30.841, 731.643, 241.095, -0.00579998
30.8759, 730.5, 241, -0.00639998
30.9109, 728.955, 240.909, -0.00679998
30.9428, 727.955, 240.591, -0.00739998
30.9752, 728.5, 240.316, -0.00819998
31.0111, 728.816, 240.211, -0.00879998
31.0424, 729.773, 240, -0.00859998
31.0757, 729.63, 239.913, -0.00879998
31.1115, 729.37, 240.087, -0.00839999
31.1463, 728.4, 240.15, -0.00759999
31.1771, 727.682, 240.773, -0.00719999
31.2098, 727.773, 241, -0.00719999
31.2445, 727.833, 241.714, -0.00659999
31.2778, 728.119, 242.333, -0.00619999
31.3125, 728.5, 243.5, -0.00599999
31.3451, 728.955, 244.909, -0.00559999
31.3789, 729.37, 246.087, -0.00519999
31.4125, 729.46, 246.84, -0.005
31.4463, 729.654, 248.269, -0.005
31.4793, 730.318, 249, -0.0048
31.5145, 730.326, 248.826, -0.0046
31.5486, 730.5, 249, -0.0048
31.5809, 730.326, 248.826, -0.0048
31.6134, 730.595, 248.667, -0.0048
31.6476, 730.1, 248.64, -0.0048
31.6831, 729.63, 247.913, -0.005
31.7187, 729.071, 247.048, -0.00439999
31.7506, 728.227, 247.318, -0.00439999
31.7825, 727.891, 247.13, -0.00379999
31.8155, 727.891, 247.13, -0.00399998
31.8496, 727.917, 247.292, -0.00379999
31.8834, 727.978, 247.435, -0.004
31.9176, 728.136, 247.5, -0.0038
31.9547, 727.86, 247.56, -0.00420001
31.9867, 727.864, 247.682, -0.0038
32.0178, 727.833, 247.5, -0.00359999
32.0507, 727.667, 247.458, -0.00359999
32.0854, 727.78, 247.36, -0.00279999
32.1228, 727.773, 247, -0.00239998
32.156, 727.891, 247.13, -0.00179999
32.1855, 727.917, 247.292, -0.0012
32.2196, 728.1, 247, -0.000199986
32.2531, 728.065, 246.652, -0.000199986
32.2876, 728.595, 246.667, 0.000400019
32.324, 728.595, 246.667, 0.000400019
32.3568, 728.318, 247, 0.000600028
32.3877, 728.214, 247.143, 0.000400019
32.4078, 728.214, 247.143, 0.000400019
32.4272, 727.917, 247.292, 0.000200009
32.4512, 727.917, 247.292, 0.000200009
32.4733, 727.917, 247.292, 0.000200009
32.5039, 727.917, 247.292, 0.000200009
32.5429, 727.917, 247.292, 0.000200009
32.5724, 727.917, 247.292, 0.000400019
32.6037, 727.917, 247.292, 0.000400019
32.6366, 727.917, 247.292, 0.000200009
32.6708, 727.917, 247.292, 1.19209e-08
32.7073, 728.227, 247.318, -0.000199986
32.7434, 728.065, 247.348, -0.000599992
32.7736, 728.405, 247.333, -0.000599992
32.8036, 728.045, 247.182, -0.00079999
32.837, 728, 247, -0.00079999
32.871, 727.891, 246.87, -0.000999987
32.9031, 728.136, 246.5, -0.00139999
32.9392, 727.731, 246.5, -0.00199999
32.9698, 727.63, 245.913, -0.00239999
33.0035, 727.86, 245.44, -0.00319998
33.0367, 729.109, 244.87, -0.00399998
33.0691, 729.22, 244.64, -0.00459998
33.1033, 729.63, 243.913, -0.00519998
33.1379, 729.78, 243.64, -0.00539998
33.1709, 729.62, 243.6, -0.00539998
33.2032, 729.917, 243.292, -0.00519997
33.2361, 729.46, 243.64, -0.00519997
33.2716, 729.083, 243.708, -0.00499997
33.3028, 729.269, 243.5, -0.00519997
33.3373, 729.227, 243.136, -0.00519997
33.371, 729.37, 243.087, -0.00559997
33.4047, 729.346, 242.731, -0.00519997
33.4366, 729.346, 242.731, -0.00519997
33.4727, 729.63, 242.913, -0.00539997
33.5032, 729.63, 242.913, -0.00539997
33.5429, 729.417, 242.25, -0.00519997
33.5732, 729.5, 242, -0.00579997
33.6035, 729.891, 241.13, -0.00659997
33.6359, 729.654, 240.269, -0.00699998
33.6696, 728.136, 239.5, -0.00779998
33.7033, 727.917, 238.583, -0.00859998
33.7358, 725.583, 237.75, -0.00939998
33.772, 721.86, 236.92, -0.0104
33.8071, 719.577, 236, -0.0118
33.8352, 720.02, 235.16, -0.013
33.869, 721.731, 234.5, -0.014
33.9027, 724.02, 233.72, -0.015
33.9357, 726.5, 233.231, -0.0152
33.9712, 727.78, 232.88, -0.015
34.0027, 729.389, 232.593, -0.0144
34.0358, 730.167, 232.792, -0.014
34.0706, 729.654, 233.269, -0.0132
34.1034, 728.848, 234.043, -0.0126
34.1357, 727.917, 234.292, -0.0122
34.1733, 727.389, 234.593, -0.0118
34.2024, 727.62, 234.6, -0.0116
34.2373, 727.37, 235.087, -0.0116
34.2697, 727.417, 235.25, -0.0116
34.3027, 727.5, 235.5, -0.0114
34.3382, 727.5, 235.5, -0.00939997
34.3742, 727.25, 235.958, -0.00659998
34.4035, 726.773, 236.682, -0.00419999
34.4367, 727.083, 236.708, -0.00139999
34.4706, 726.848, 237.043, 0.0012
34.504, 725.917, 237.292, 0.0014
34.5403, 725.917, 237.292, 0.0012
34.5738, 725.917, 237.292, 0.0016
34.6053, 725.917, 237.292, 0.0016
34.6373, 725.667, 237.458, 0.0016
34.6716, 725.5, 238, 0.002
34.7048, 724.326, 238.826, 0.0024
34.7378, 723.083, 239.708, 0.003
34.7763, 721.75, 241.042, 0.0034
34.8081, 720.848, 242.043, 0.0042
34.8425, 719.917, 243.292, 0.0046
34.8765, 719.5, 244, 0.005
34.9064, 719.682, 244.273, 0.005
34.9407, 719.62, 244.6, 0.0052
34.9768, 719.63, 244.913, 0.0054
35.0125, 719.717, 244.609, 0.0056
35.0408, 719.833, 244.5, 0.006
35.0745, 719.891, 245.13, 0.0064
35.1076, 719.891, 245.13, 0.007
35.1408, 720.045, 245.182, 0.007
35.1765, 720.214, 245.143, 0.00739999
35.2091, 720.214, 245.143, 0.0072
35.2416, 720.214, 245.143, 0.00739999
35.2756, 720.4, 245.15, 0.0076
35.3089, 720.5, 245, 0.00779999
35.3425, 720.5, 245.316, 0.008
35.3797, 720.4, 245.15, 0.0082
35.4128, 719.917, 245.292, 0.008
35.4434, 720.214, 245.143, 0.008
35.481, 719.891, 245.13, 0.0082
35.5112, 719.643, 245.095, 0.0082
35.5456, 719.543, 245.348, 0.0088
35.579, 719.37, 245.087, 0.009
35.6132, 719.3, 245.4, 0.009
35.6459, 719.318, 245.227, 0.00919999
35.6814, 719, 245.2, 0.00919999
35.7129, 719.071, 245.048, 0.00939999
35.747, 719.071, 245.048, 0.00999999
35.7807, 719.071, 245.048, 0.0102
35.8145, 719.227, 245.136, 0.0102
35.8468, 718.816, 245.211, 0.0106
35.881, 719, 245.2, 0.0104
35.9144, 718.816, 245.211, 0.0102
35.9497, 719, 245.2, 0.0102
35.9818, 719.071, 245.381, 0.0104
36.0158, 719.083, 245.708, 0.0106
36.0496, 718.786, 245.857, 0.011
36.0822, 718.9, 246.05, 0.0112
36.1161, 718.6, 245.85, 0.0116
36.1499, 718.389, 245.833, 0.012
36.1846, 718, 245.8, 0.0122
36.2185, 718.167, 245.667, 0.0124
36.2551, 717.868, 245.684, 0.0126
36.2794, 717.868, 245.684, 0.0122
36.2992, 717.548, 245.667, 0.0116
36.3205, 717.4, 245.75, 0.0112
36.3534, 716.971, 245.529, 0.0112
36.3861, 716.971, 245.529, 0.011
36.4084, 716.971, 245.529, 0.0116
36.4393, 716.611, 245.167, 0.0122
36.4721, 716.618, 245.353, 0.0128
36.4961, 716.618, 245.353, 0.013
36.5169, 716.618, 245.353, 0.0134
36.5451, 716.611, 245.167, 0.0136
36.5726, 716.5, 245.684, 0.0136
36.6027, 716.618, 245.353, 0.0136
36.6355, 716.618, 245.353, 0.0134
36.6682, 716.5, 245.5, 0.0134
36.7014, 716.5, 245.5, 0.0134
36.7345, 716.618, 245.353, 0.0134
36.768, 716.618, 245.353, 0.0134
36.8023, 716.833, 245.389, 0.0136
36.8347, 716.833, 245.389, 0.0136
36.8696, 716.816, 245.211, 0.0134
36.9022, 717.2, 245.45, 0.0136
36.9346, 717.167, 245.286, 0.0134
36.9674, 716.816, 245.211, 0.0132
37.0035, 716.816, 245.211, 0.0132
37.0367, 716.711, 245.526, 0.0132
37.0691, 716.618, 245.353, 0.0132
37.1019, 716.833, 245.389, 0.0134
37.1342, 716.611, 245.167, 0.0132
37.1676, 716.944, 245.056, 0.0132
37.2014, 717.4, 244.75, 0.0134
37.2351, 717.643, 245.095, 0.013
37.2706, 718.184, 244.842, 0.013
37.302, 718.5, 245, 0.013
37.3352, 718.611, 245.167, 0.0126
37.3667, 719.227, 245, 0.012
37.4014, 719.357, 244.905, 0.012
37.4334, 719.357, 244.905, 0.0114
37.4692, 719.868, 244.684, 0.0112
37.5008, 720.5, 244.316, 0.0108
37.54, 720.786, 243.857, 0.0106
37.5686, 721.357, 242.905, 0.0104
37.6015, 721.891, 242.13, 0.0102
37.6333, 722, 241.8, 0.00999999
37.6692, 722.4, 241.15, 0.0104
37.7057, 722, 240.8, 0.0106
37.7379, 722.184, 240.842, 0.00979999
37.7683, 722.5, 241, 0.00959999
37.8011, 722.5, 241, 0.00939999
37.8341, 722.5, 240.684, 0.009
37.8691, 722.5, 240.5, 0.0082
37.9052, 722.5, 240.316, 0.009
37.9354, 722.5, 240.316, 0.009
37.9669, 722.833, 240.389, 0.00879999
38.0016, 722.7, 240.35, 0.00879999
38.0343, 722.5, 240.316, 0.00919999
38.0712, 722.5, 240, 0.0088
38.1057, 722.3, 240, 0.0084
38.1337, 722.3, 240, 0.008
38.1675, 722.7, 239.35, 0.0076
38.2023, 722.611, 239.167, 0.0072
38.2348, 723, 239.2, 0.0066
38.267, 723.227, 239, 0.0066
38.3034, 722.955, 238.909, 0.0068
38.3344, 723.071, 239.048, 0.0066
38.3668, 722.6, 238.85, 0.00640001
38.4011, 722.184, 238.842, 0.0068
38.4349, 722.119, 238.952, 0.0066
38.4679, 722.5, 238.5, 0.0062
38.504, 722.5, 238.316, 0.0066
38.5406, 722.7, 238.7, 0.0066
38.5694, 722.5, 238.5, 0.0064
38.6031, 722.5, 238.316, 0.0068
38.6356, 722.7, 238.7, 0.007
38.6693, 722.5, 238.5, 0.0066
38.705, 722.5, 238.5, 0.0066
38.7408, 722.5, 238.316, 0.0062
38.7693, 723.318, 238.227, 0.00560001
38.804, 723.167, 238.286, 0.0054
38.8368, 723.5, 238, 0.0052
38.8714, 723.548, 237.857, 0.0052
38.9053, 724.389, 237.833, 0.0052
38.9388, 724, 237.8, 0.0052
38.9717, 723.833, 237.714, 0.0054
39.0056, 724.389, 237.833, 0.00560001
39.0386, 724, 237.8, 0.00560001
39.0725, 724.4, 238.15, 0.00560001
39.1091, 723.8, 238.55, 0.00560001
39.1453, 723.5, 239, 0.00560001
39.1811, 723.63, 239.609, 0.006
39.2142, 723, 240.2, 0.0064
39.2415, 723, 240.2, 0.0072
39.2747, 723.318, 240.227, 0.008
39.309, 723.342, 240.579, 0.0086
39.3481, 723.357, 240.905, 0.0088
39.3766, 723.658, 241.421, 0.0092
39.4106, 723.5, 241.5, 0.0092
39.4432, 723.227, 242, 0.0094
39.4766, 723.167, 242.286, 0.0096
39.5094, 723.237, 242.789, 0.00979999
39.5465, 723.026, 242.368, 0.00979999
39.579, 723.132, 242.105, 0.0102
39.611, 723.5, 241.5, 0.0102
39.6442, 723.643, 241.095, 0.0104
39.6808, 723.357, 240.905, 0.0102
39.7127, 723.342, 240.579, 0.00999999
39.7467, 722.833, 240.389, 0.00979999
39.779, 723.026, 240.368, 0.00939999
39.8135, 722.611, 240.167, 0.00879999
39.846, 722.611, 240.167, 0.00859999
39.8815, 722.611, 240.167, 0.00879999
39.9161, 722.816, 240.211, 0.00859999
39.9519, 722.618, 240.353, 0.00899999
39.9832, 722.5, 240.5, 0.00939999
40.0151, 722.389, 240.833, 0.0096
40.0494, 722.5, 241, 0.00979999
40.0842, 722.611, 241.167, 0.00999999
40.1192, 722.618, 241.353, 0.00999999
40.1517, 722.833, 241.389, 0.00999999
40.1851, 722.711, 241.526, 0.0104
40.2196, 722.5, 242, 0.0102
40.2539, 722.611, 242.167, 0.00999999
40.2785, 722.611, 242.167, 0.00999999
40.308, 722.611, 243.167, 0.00979999
40.3368, 722.611, 243.167, 0.00979999
40.363, 722.611, 243.167, 0.00939999
40.3876, 722.389, 242.833, 0.00939999
40.4129, 723, 242.2, 0.00919999
40.4367, 723.8, 241.55, 0.00939999
40.4577, 724.382, 240.647, 0.00919999
40.4865, 723.974, 240.632, 0.00919999
40.5087, 723.974, 240.632, 0.00919999
40.5373, 723.658, 240.421, 0.00879999
40.5757, 723.6, 240.25, 0.00879999
40.6072, 723.5, 240.5, 0.00879999
40.637, 723.237, 240.789, 0.00919999
40.6674, 723.167, 241.5, 0.00919999
40.701, 722.611, 242.167, 0.0096
40.7345, 722.5, 243, 0.009
40.7786, 722.184, 243.842, 0.009
40.8103, 721.974, 244.632, 0.00919999
40.8348, 722.382, 244.647, 0.0098
40.8677, 721.658, 245.421, 0.01
40.9017, 721.342, 245.579, 0.0106
40.9343, 720.611, 246.167, 0.011
40.9688, 720.618, 246.353, 0.0108
41.0017, 720.618, 246.353, 0.0106
41.0334, 720.611, 246.167, 0.0106
41.0671, 720.5, 246, 0.0104
41.0997, 720.611, 246.167, 0.0106
41.1331, 720.5, 246, 0.0106
41.17, 720.971, 245.529, 0.0096
41.2013, 721.132, 245.105, 0.0096
41.2334, 721.722, 244.778, 0.0098
41.267, 722.389, 243.833, 0.00919999
41.3018, 722.618, 243.353, 0.00879999
41.333, 723.5, 242.5, 0.00919999
41.3692, 723.658, 241.421, 0.00899999
41.4017, 723.833, 241.5, 0.00859999
41.4323, 724.389, 240.833, 0.00819999
41.466, 724.167, 240.611, 0.00799999
41.5, 723.955, 240.273, 0.0076
41.5381, 724.278, 240, 0.007
41.5771, 723.5, 240, 0.007
41.6022, 723.227, 240, 0.0064
41.6332, 723.167, 239.611, 0.0064
41.666, 723.132, 239.105, 0.0062
41.6999, 723.4, 238.75, 0.00599999
41.733, 723.37, 238.087, 0.0056
41.7672, 723.548, 237.857, 0.0056
41.8013, 723.4, 237.75, 0.005
41.8345, 723.357, 237.905, 0.0052
41.8662, 723.357, 237.905, 0.00540001
41.8996, 723.357, 237.571, 0.00500001
41.9326, 723.6, 237.25, 0.00500001
41.9657, 724, 236.8, 0.0048
42.0004, 724.5, 236.316, 0.004
42.0524, 724.389, 235.833, 0.0032
42.0751, 724.816, 235.211, 0.0026
42.0987, 725.452, 234.333, 0.0016
42.1322, 725.318, 233.227, 0.000800002
42.1661, 724.6, 232.85, -0.000199997
42.2041, 724.5, 231.684, -0.0016
42.2353, 723.891, 230.13, -0.003
42.2665, 723.63, 228.913, -0.0042
42.2995, 723.773, 228, -0.0058
42.3326, 725.045, 227.136, -0.00600001
42.3685, 724.955, 226.909, -0.1028
42.4066, 725.37, 227.087, -0.1026
42.4366, 725.22, 227.64, -0.1018
42.4701, 725.109, 227.87, -0.0998
42.5015, 724.955, 228.909, -0.0988
42.5416, 724.6, 229.85, -0.00140001
42.5688, 724.3, 231.3, 0.000199991
42.6054, 724.611, 235.167, 0.00259999
42.6377, 723.214, 239.714, 0.005
42.6705, 723.375, 241.25, 0.0074
42.7032, 723.088, 241.765, 0.0102
42.7357, 722.75, 242.5, 0.012
42.7686, 722.75, 242.5, 0.0126
42.8039, 722.618, 242.353, 0.0122
42.8369, 722.875, 241.688, 0.0118
42.8702, 723.833, 240.5, 0.0116
42.904, 724.971, 238.529, 0.0108
42.937, 725.5, 237.5, 0.00959998
42.9709, 726.25, 237.5, 0.00879999
43.0058, 726.367, 237.333, 0.00779999
43.04, 726.5, 237.5, 0.0068
43.0712, 726.389, 236.833, 0.0062
43.1044, 726.389, 235.833, 0.0058
43.1377, 726.3, 235, 0.005
43.1714, 726, 234.8, 0.0048
43.207, 725, 236.2, 0.0054
43.2406, 724.367, 240.333, 0.007
43.2738, 722.75, 242.25, 0.00840001
43.306, 722.5, 243.188, 0.0104
43.3391, 722.5, 243.5, 0.0122
43.3734, 722.1, 243.6, 0.0132
43.4083, 722.367, 243.333, 0.0128
43.4428, 722.5, 242.813, 0.013
43.4741, 722.971, 241.529, 0.0126
43.5074, 724.125, 240.313, 0.012
43.543, 724.5, 240, 0.011
43.5746, 724.618, 239.353, 0.0106
43.6089, 725.342, 238.579, 0.00979999
43.6467, 725.342, 237.895, 0.0094
43.6781, 725.658, 238.105, 0.0086
43.7105, 725.5, 238.5, 0.0084
43.745, 724.5, 240, 0.00879999
43.777, 723.6, 241.25, 0.00899999
43.8112, 723.658, 241.421, 0.00939999
43.8494, 723.167, 241.611, 0.0102
43.8784, 723.5, 242.5, 0.0108
43.9116, 723.125, 243.438, 0.0114
43.9454, 722.643, 243.857, 0.0124
43.9814, 722.75, 244.5, 0.0134
44.012, 722.625, 244.875, 0.0144
44.0472, 722.643, 244.857, 0.015
44.079, 722.75, 244.5, 0.0148
44.1131, 723.088, 243.765, 0.0144
44.1455, 723.324, 242.412, 0.0136
44.1806, 723.676, 241.588, 0.0126
44.213, 723.833, 241.722, 0.0122
44.2492, 723.433, 241.8, 0.012
44.2816, 723.088, 242.765, 0.0122
44.3137, 722.618, 244.353, 0.0128
44.3469, 722.633, 244.667, 0.0136
44.3813, 722.5, 245, 0.0144
44.4021, 722.5, 245, 0.0146
44.4348, 722.618, 244.353, -0.086
44.4574, 724.367, 242.333, -0.0866
44.485, 725.5, 240, -0.0878
44.5098, 725.5, 240, -0.0892
44.5411, 726.265, 238.941, -0.0898
44.5656, 726.382, 239.647, 0.0102
44.5982, 726.1, 241.133, 0.0104
44.6349, 724.633, 242.667, 0.0112
44.6684, 724.5, 243.5, 0.0118
44.6992, 724.5, 243, 0.012
44.7327, 724.5, 242, 0.0122
44.7647, 724, 241.8, 0.0128
44.7977, 724.367, 243.333, 0.0134
44.8325, 724.25, 243.5, 0.0136
44.865, 723.7, 242.933, 0.014
44.8977, 724.5, 241.813, 0.0138
44.9312, 724.382, 241.647, 0.0136
44.9642, 722.618, 243.353, 0.0134
44.9981, 722.633, 244.667, 0.0134
45.0343, 722.633, 244.667, 0.0136
45.0735, 722.767, 244.067, 0.014
45.1021, 723.5, 242.5, 0.0132
45.1314, 723.875, 241.563, 0.013
45.1638, 723.033, 242.6, 0.0132
45.1982, 724.214, 244.214, 0.0132
45.2314, 723.433, 243.8, 0.0128
45.268, 723.5, 242.625, 0.0126
45.3014, 724.367, 241.333, 0.012
45.3315, 724.367, 241.333, 0.0122
45.3641, 723.559, 243.176, 0.0122
45.397, 723.7, 243.933, 0.0128
45.4317, 724.125, 243.313, 0.0132
45.4659, 724.633, 241.667, 0.0136
45.4972, 724.367, 240.333, 0.0132
45.5332, 724.618, 241.353, 0.0136
45.5643, 725.324, 241.412, 0.0138
45.6014, 724.75, 241.25, 0.0138
45.631, 724.357, 241.143, 0.014
45.6641, 723.5, 242.5, 0.0146
45.699, 723.967, 243.4, 0.0142
45.731, 723.731, 243.077, 0.0138
45.7638, 724.5, 241.5, 0.0144
45.7973, 722.875, 241.688, 0.0148
45.8305, 722.5, 243.5, 0.0144
45.8653, 722.5, 244.5, 0.0146
45.899, 722.643, 243.857, 0.0148
45.9299, 723.929, 242, 0.0144
45.964, 726.357, 240.143, 0.0136
45.9968, 730.192, 239, 0.0136
46.0294, 734.5, 239, 0.0136
46.0649, 738.808, 240.769, 0.0142
46.0981, 744.5, 244.5, 0.0152
46.1359, 751.25, 249.688, 0.017
46.164, 758.75, 255.25, 0.0186
46.1968, 764.618, 259.353, 0.0198
46.2306, 768.5, 262, 0.0204
46.2648, 770.5, 262.316, 0.0212
46.2988, 771.868, 260.895, 0.0214
46.3305, 772.611, 259.167, 0.0214
46.365, 773.559, 258.824, 0.0222
46.3969, 774.382, 259.647, 0.0238
46.4312, 776.833, 260.889, 0.0254
46.4669, 779.676, 260.588, 0.027
46.5036, 781.676, 259.588, 0.0288
46.5383, 784.389, 257.833, 0.03
46.568, 786.9, 255.4, 0.0306
46.602, 790.618, 252.353, 0.0306
46.6345, 794.265, 248.941, 0.0306
46.6736, 796.5, 246, 0.03
46.7056, 799.559, 242.824, 0.0294
